zakres_ghg,informacja_pomocnicza,respo,rodzaj2,rodaj3,nazwa,column1,kraj,miasto,lokalizacja,oddział,ilość,kilometry,wartość,co2_wartość,jednostka,data_emisji,eco2/u,total_co2e
S1 - 1: On-site fuel use,"Sumaryczna ilość zużywanych paliw z podziałem na typy (benzyna, diesel do pojazdów + gaz inne surowce energetyczne spalane bezpośrednio np. do ogrzana obiektów)",Stacjonarne źr. energii,,,,LNG,Poland,Warsaw,,,"2,00",,,#DZIEL/0!,L,styczeń,"13,00","26,00"
S1 - 1: On-site fuel use,"Sumaryczna ilość zużywanych paliw z podziałem na typy (benzyna, diesel do pojazdów + gaz inne surowce energetyczne spalane bezpośrednio np. do ogrzana obiektów)",Stacjonarne źr. energii,,,,LNG,Poland,Wrocław,,,"2,00",,,#DZIEL/0!,L,luty,"13,00","26,00"
S1 - 1: On-site fuel use,"Sumaryczna ilość zużywanych paliw z podziałem na typy (benzyna, diesel do pojazdów + gaz inne surowce energetyczne spalane bezpośrednio np. do ogrzana obiektów)",Stacjonarne źr. energii,,,,LNG,Germany,Berlin,,,"1,00",,,#DZIEL/0!,L,marzec,"48,00","48,00"
S1 - 1: On-site fuel use,"Sumaryczna ilość zużywanych paliw z podziałem na typy (benzyna, diesel do pojazdów + gaz inne surowce energetyczne spalane bezpośrednio np. do ogrzana obiektów)",Stacjonarne źr. energii,,,,LNG,Germany,Munich,,,"1,00",,,#DZIEL/0!,L,kwiecień,"48,00","48,00"
S1 - 1: On-site fuel use,"Sumaryczna ilość zużywanych paliw z podziałem na typy (benzyna, diesel do pojazdów + gaz inne surowce energetyczne spalane bezpośrednio np. do ogrzana obiektów)",Stacjonarne źr. energii,,,,LNG,France,Paris,,,"3,00",,,#DZIEL/0!,m3,maj,"95,00","285,00"
S1 - 1: On-site fuel use,"Sumaryczna ilość zużywanych paliw z podziałem na typy (benzyna, diesel do pojazdów + gaz inne surowce energetyczne spalane bezpośrednio np. do ogrzana obiektów)",Stacjonarne źr. energii,,,,LNG,Czechy,Brno,,,"7,00",,,#DZIEL/0!,m3,czerwiec,"15,00","105,00"
S1 - 1: On-site fuel use,"Sumaryczna ilość zużywanych paliw z podziałem na typy (benzyna, diesel do pojazdów + gaz inne surowce energetyczne spalane bezpośrednio np. do ogrzana obiektów)",Flota,,,,Diesel,Poland,Warsaw,,,"35,54","10,00",,#DZIEL/0!,L,lipiec,"15,00","533,04"
S1 - 1: On-site fuel use,"Sumaryczna ilość zużywanych paliw z podziałem na typy (benzyna, diesel do pojazdów + gaz inne surowce energetyczne spalane bezpośrednio np. do ogrzana obiektów)",Flota,,,,Diesel,Poland,Wrocław,,,"35,54","10,00",,#DZIEL/0!,L,sierpień,"15,00","533,04"
S1 - 1: On-site fuel use,"Sumaryczna ilość zużywanych paliw z podziałem na typy (benzyna, diesel do pojazdów + gaz inne surowce energetyczne spalane bezpośrednio np. do ogrzana obiektów)",Flota,,,,Diesel,Poland,Warsaw,,,"35,54","10,00",,#DZIEL/0!,L,wrzesień,"15,00","533,04"
S1 - 1: On-site fuel use,"Sumaryczna ilość zużywanych paliw z podziałem na typy (benzyna, diesel do pojazdów + gaz inne surowce energetyczne spalane bezpośrednio np. do ogrzana obiektów)",Flota,,,,Diesel,Poland,Wrocław,,,"35,54","10,00",,#DZIEL/0!,L,październik,"15,00","533,04"
S1 - 1: On-site fuel use,"Sumaryczna ilość zużywanych paliw z podziałem na typy (benzyna, diesel do pojazdów + gaz inne surowce energetyczne spalane bezpośrednio np. do ogrzana obiektów)",Flota,,,,Benzyna,Poland,Warsaw,,,"35,54","10,00",,#DZIEL/0!,L,listopad,"15,00","533,04"
S1 - 1: On-site fuel use,"Sumaryczna ilość zużywanych paliw z podziałem na typy (benzyna, diesel do pojazdów + gaz inne surowce energetyczne spalane bezpośrednio np. do ogrzana obiektów)",Flota,,,,Benzyna,Poland,Wrocław,,,"35,54","10,00",,#DZIEL/0!,L,grudzień,"15,00","533,04"
S1 - 1: On-site fuel use,"Sumaryczna ilość zużywanych paliw z podziałem na typy (benzyna, diesel do pojazdów + gaz inne surowce energetyczne spalane bezpośrednio np. do ogrzana obiektów)",Flota,,,,Benzyna,Poland,Warsaw,,,"35,54","10,00",,#DZIEL/0!,L,styczeń,"15,00","533,04"
S1 - 1: On-site fuel use,"Sumaryczna ilość zużywanych paliw z podziałem na typy (benzyna, diesel do pojazdów + gaz inne surowce energetyczne spalane bezpośrednio np. do ogrzana obiektów)",Flota,,,,Benzyna,Poland,Wrocław,,,"35,54","10,00",,#DZIEL/0!,L,luty,"15,00","533,04"
S1 - 1: On-site fuel use,"Sumaryczna ilość zużywanych paliw z podziałem na typy (benzyna, diesel do pojazdów + gaz inne surowce energetyczne spalane bezpośrednio np. do ogrzana obiektów)",Flota,,,,Diesel,Germany,Berlin,,,"35,54","10,00",,#DZIEL/0!,L,marzec,"15,00","533,04"
S1 - 1: On-site fuel use,"Sumaryczna ilość zużywanych paliw z podziałem na typy (benzyna, diesel do pojazdów + gaz inne surowce energetyczne spalane bezpośrednio np. do ogrzana obiektów)",Flota,,,,Diesel,Germany,Munich,,,"35,54","10,00",,#DZIEL/0!,L,kwiecień,"15,00","533,04"
S1 - 1: On-site fuel use,"Sumaryczna ilość zużywanych paliw z podziałem na typy (benzyna, diesel do pojazdów + gaz inne surowce energetyczne spalane bezpośrednio np. do ogrzana obiektów)",Flota,,,,Diesel,Germany,Berlin,,,"35,54","10,00",,#DZIEL/0!,L,maj,"15,00","533,04"
S1 - 1: On-site fuel use,"Sumaryczna ilość zużywanych paliw z podziałem na typy (benzyna, diesel do pojazdów + gaz inne surowce energetyczne spalane bezpośrednio np. do ogrzana obiektów)",Flota,,,,Diesel,Germany,Munich,,,"35,54","10,00",,#DZIEL/0!,L,czerwiec,"15,00","533,04"
S1 - 1: On-site fuel use,"Sumaryczna ilość zużywanych paliw z podziałem na typy (benzyna, diesel do pojazdów + gaz inne surowce energetyczne spalane bezpośrednio np. do ogrzana obiektów)",Flota,,,,Benzyna,Germany,Berlin,,,"35,54","10,00",,#DZIEL/0!,L,lipiec,"15,00","533,04"
S1 - 1: On-site fuel use,"Sumaryczna ilość zużywanych paliw z podziałem na typy (benzyna, diesel do pojazdów + gaz inne surowce energetyczne spalane bezpośrednio np. do ogrzana obiektów)",Flota,,,,Benzyna,Germany,Munich,,,"35,54","10,00",,#DZIEL/0!,L,sierpień,"15,00","533,04"
S1 - 1: On-site fuel use,"Sumaryczna ilość zużywanych paliw z podziałem na typy (benzyna, diesel do pojazdów + gaz inne surowce energetyczne spalane bezpośrednio np. do ogrzana obiektów)",Flota,,,,Benzyna,Germany,Berlin,,,"35,54","10,00",,#DZIEL/0!,L,wrzesień,"15,00","533,04"
S1 - 1: On-site fuel use,"Sumaryczna ilość zużywanych paliw z podziałem na typy (benzyna, diesel do pojazdów + gaz inne surowce energetyczne spalane bezpośrednio np. do ogrzana obiektów)",Flota,,,,Benzyna,Germany,Munich,,,"35,54","10,00",,#DZIEL/0!,L,październik,"15,00","533,04"
S1 - 1: On-site fuel use,"Sumaryczna ilość zużywanych paliw z podziałem na typy (benzyna, diesel do pojazdów + gaz inne surowce energetyczne spalane bezpośrednio np. do ogrzana obiektów)",Flota,,,,Diesel,France,Paris,,,"35,54","10,00",,#DZIEL/0!,L,listopad,"15,00","533,04"
S1 - 1: On-site fuel use,"Sumaryczna ilość zużywanych paliw z podziałem na typy (benzyna, diesel do pojazdów + gaz inne surowce energetyczne spalane bezpośrednio np. do ogrzana obiektów)",Flota,,,,Diesel,France,Paris,,,"35,54","10,00",,#DZIEL/0!,L,grudzień,"15,00","533,04"
S1 - 1: On-site fuel use,"Sumaryczna ilość zużywanych paliw z podziałem na typy (benzyna, diesel do pojazdów + gaz inne surowce energetyczne spalane bezpośrednio np. do ogrzana obiektów)",Flota,,,,Benzyna,France,Paris,,,"35,54","10,00",,#DZIEL/0!,L,styczeń,"15,00","533,04"
S1 - 1: On-site fuel use,"Sumaryczna ilość zużywanych paliw z podziałem na typy (benzyna, diesel do pojazdów + gaz inne surowce energetyczne spalane bezpośrednio np. do ogrzana obiektów)",Flota,,,,Benzyna,France,Paris,,,"35,54","10,00",,#DZIEL/0!,L,luty,"15,00","533,04"
S1 - 1: On-site fuel use,"Sumaryczna ilość zużywanych paliw z podziałem na typy (benzyna, diesel do pojazdów + gaz inne surowce energetyczne spalane bezpośrednio np. do ogrzana obiektów)",Flota,,,,Diesel,Czechy,Brno,,,"35,54","10,00",,#DZIEL/0!,L,marzec,"15,00","533,04"
S1 - 1: On-site fuel use,"Sumaryczna ilość zużywanych paliw z podziałem na typy (benzyna, diesel do pojazdów + gaz inne surowce energetyczne spalane bezpośrednio np. do ogrzana obiektów)",Flota,,,,Diesel,Czechy,Brno,,,"35,54","10,00",,#DZIEL/0!,L,kwiecień,"15,00","533,04"
S1 - 1: On-site fuel use,"Sumaryczna ilość zużywanych paliw z podziałem na typy (benzyna, diesel do pojazdów + gaz inne surowce energetyczne spalane bezpośrednio np. do ogrzana obiektów)",Flota,,,,Benzyna,Czechy,Brno,,,"35,54","10,00",,#DZIEL/0!,L,maj,"15,00","533,04"
S1 - 1: On-site fuel use,"Sumaryczna ilość zużywanych paliw z podziałem na typy (benzyna, diesel do pojazdów + gaz inne surowce energetyczne spalane bezpośrednio np. do ogrzana obiektów)",Flota,,,,Benzyna,Czechy,Brno,,,"35,54","10,00",,#DZIEL/0!,L,czerwiec,"15,00","533,04"
S1 - 2: Fugitive Emission / Process Emission,Emisje lokalne wynikające z procesu produkcji lub np. wycieków chłodziwa z klimatyzacji (w razie problemu kontakt e-mail),Niezorganizowane,,,,R1234yf,Poland,Warsaw,,,"79,15",,,#DZIEL/0!,kg,lipiec,"74,57","5902,55"
S1 - 2: Fugitive Emission / Process Emission,Emisje lokalne wynikające z procesu produkcji lub np. wycieków chłodziwa z klimatyzacji (w razie problemu kontakt e-mail),Niezorganizowane,,,,R134a,Poland,Wrocław,,,"84,61",,,#DZIEL/0!,kg,sierpień,"76,78","6495,78"
S1 - 2: Fugitive Emission / Process Emission,Emisje lokalne wynikające z procesu produkcji lub np. wycieków chłodziwa z klimatyzacji (w razie problemu kontakt e-mail),Niezorganizowane,,,,R1234yf,Germany,Berlin,,,"79,15",,,#DZIEL/0!,kg,wrzesień,"74,57","5902,55"
S1 - 2: Fugitive Emission / Process Emission,Emisje lokalne wynikające z procesu produkcji lub np. wycieków chłodziwa z klimatyzacji (w razie problemu kontakt e-mail),Niezorganizowane,,,,R134a,Germany,Munich,,,"84,61",,,#DZIEL/0!,kg,październik,"76,78","6495,78"
S1 - 2: Fugitive Emission / Process Emission,Emisje lokalne wynikające z procesu produkcji lub np. wycieków chłodziwa z klimatyzacji (w razie problemu kontakt e-mail),Niezorganizowane,,,,R1234yf,France,Paris,,,"79,15",,,#DZIEL/0!,kg,listopad,"74,57","5902,55"
S1 - 2: Fugitive Emission / Process Emission,Emisje lokalne wynikające z procesu produkcji lub np. wycieków chłodziwa z klimatyzacji (w razie problemu kontakt e-mail),Niezorganizowane,,,,R134a,Czechy,Brno,,,"84,61",,,#DZIEL/0!,kg,grudzień,"76,78","6495,78"
S2 - 1: Electricity,"Używana energia elektryczna (z podziałem, jeżeli dla jednej lokalizacji są różna kontrakty)",Elektryczność,,,,Energia elektryczna,Poland,Warsaw,,,"95,51",,,#DZIEL/0!,kWh,styczeń,"81,19","7754,41"
S2 - 1: Electricity,"Używana energia elektryczna (z podziałem, jeżeli dla jednej lokalizacji są różna kontrakty)",Elektryczność,,,,Energia z OZE,Poland,Warsaw,,,"100,96",,,#DZIEL/0!,kWh,luty,"0,00","0,00"
S2 - 1: Electricity,"Używana energia elektryczna (z podziałem, jeżeli dla jednej lokalizacji są różna kontrakty)",Elektryczność,,,,Energia elektryczna,Poland,Wrocław,,,"95,51",,,#DZIEL/0!,kWh,marzec,"81,19","7754,41"
S2 - 1: Electricity,"Używana energia elektryczna (z podziałem, jeżeli dla jednej lokalizacji są różna kontrakty)",Elektryczność,,,,Energia z OZE,Poland,Wrocław,,,"100,96",,,#DZIEL/0!,kWh,kwiecień,"0,00","0,00"
S2 - 1: Electricity,"Używana energia elektryczna (z podziałem, jeżeli dla jednej lokalizacji są różna kontrakty)",Elektryczność,,,,Energia elektryczna,Germany,Berlin,,,"95,51",,,#DZIEL/0!,kWh,maj,"81,19","7754,41"
S2 - 1: Electricity,"Używana energia elektryczna (z podziałem, jeżeli dla jednej lokalizacji są różna kontrakty)",Elektryczność,,,,Energia z OZE,Germany,Berlin,,,"100,96",,,#DZIEL/0!,kWh,czerwiec,"0,00","0,00"
S2 - 1: Electricity,"Używana energia elektryczna (z podziałem, jeżeli dla jednej lokalizacji są różna kontrakty)",Elektryczność,,,,Energia elektryczna,Germany,Munich,,,"95,51",,,#DZIEL/0!,kWh,lipiec,"81,19","7754,41"
S2 - 1: Electricity,"Używana energia elektryczna (z podziałem, jeżeli dla jednej lokalizacji są różna kontrakty)",Elektryczność,,,,Energia z OZE,Germany,Munich,,,"100,96",,,#DZIEL/0!,kWh,sierpień,"0,00","0,00"
S2 - 1: Electricity,"Używana energia elektryczna (z podziałem, jeżeli dla jednej lokalizacji są różna kontrakty)",Elektryczność,,,,Energia elektryczna,France,Paris,,,"95,51",,,#DZIEL/0!,kWh,wrzesień,"81,19","7754,41"
S2 - 1: Electricity,"Używana energia elektryczna (z podziałem, jeżeli dla jednej lokalizacji są różna kontrakty)",Elektryczność,,,,Energia z OZE,France,Paris,,,"100,96",,,#DZIEL/0!,kWh,październik,"0,00","0,00"
S2 - 1: Electricity,"Używana energia elektryczna (z podziałem, jeżeli dla jednej lokalizacji są różna kontrakty)",Elektryczność,,,,Energia elektryczna,Czechy,Brno,,,"95,51",,,#DZIEL/0!,kWh,listopad,"81,19","7754,41"
S2 - 1: Electricity,"Używana energia elektryczna (z podziałem, jeżeli dla jednej lokalizacji są różna kontrakty)",Elektryczność,,,,Energia z OZE,Czechy,Brno,,,"100,96",,,#DZIEL/0!,kWh,grudzień,"0,00","0,00"
S2 - 2: Heat,Energia cieplna dostarczana np. z sieci ciepłowniczej - potrzebna informacja o typie ogrzewania (w razie problemu kontakt e-mail),Ciepło,,,,Źródło energii,Poland,Warsaw,,,"106,42",,,#DZIEL/0!,Jednostka rozliczania,styczeń,"85,60","9109,27"
S2 - 2: Heat,Energia cieplna dostarczana np. z sieci ciepłowniczej - potrzebna informacja o typie ogrzewania (w razie problemu kontakt e-mail),Ciepło,,,,Źródło energii,Poland,Wrocław,,,"106,42",,,#DZIEL/0!,Jednostka rozliczania,luty,"85,60","9109,27"
S2 - 2: Heat,Energia cieplna dostarczana np. z sieci ciepłowniczej - potrzebna informacja o typie ogrzewania (w razie problemu kontakt e-mail),Ciepło,,,,Źródło energii,Germany,Berlin,,,"106,42",,,#DZIEL/0!,Jednostka rozliczania,marzec,"85,60","9109,27"
S2 - 2: Heat,Energia cieplna dostarczana np. z sieci ciepłowniczej - potrzebna informacja o typie ogrzewania (w razie problemu kontakt e-mail),Ciepło,,,,Źródło energii,Germany,Munich,,,"106,42",,,#DZIEL/0!,Jednostka rozliczania,kwiecień,"85,60","9109,27"
S2 - 2: Heat,Energia cieplna dostarczana np. z sieci ciepłowniczej - potrzebna informacja o typie ogrzewania (w razie problemu kontakt e-mail),Ciepło,,,,Źródło energii,France,Paris,,,"106,42",,,#DZIEL/0!,Jednostka rozliczania,maj,"85,60","9109,27"
S2 - 2: Heat,Energia cieplna dostarczana np. z sieci ciepłowniczej - potrzebna informacja o typie ogrzewania (w razie problemu kontakt e-mail),Ciepło,,,,Źródło energii,Czechy,Brno,,,"106,42",,,#DZIEL/0!,Jednostka rozliczania,czerwiec,"85,60","9109,27"
S2 - 3: Steam,Energia dostarczana w postaci pary wodnej - potrzebna informacja o typie ogrzewania (w razie problemu kontakt e-mail),Para wodna,,,,Źródło energii,Poland,Warsaw,,,"111,87",,,#DZIEL/0!,Jednostka rozliczania,lipiec,"87,81","9822,78"
S2 - 3: Steam,Energia dostarczana w postaci pary wodnej - potrzebna informacja o typie ogrzewania (w razie problemu kontakt e-mail),Para wodna,,,,Źródło energii,Poland,Wrocław,,,"111,87",,,#DZIEL/0!,Jednostka rozliczania,sierpień,"87,81","9822,78"
S2 - 3: Steam,Energia dostarczana w postaci pary wodnej - potrzebna informacja o typie ogrzewania (w razie problemu kontakt e-mail),Para wodna,,,,Źródło energii,Germany,Berlin,,,"111,87",,,#DZIEL/0!,Jednostka rozliczania,wrzesień,"87,81","9822,78"
S2 - 3: Steam,Energia dostarczana w postaci pary wodnej - potrzebna informacja o typie ogrzewania (w razie problemu kontakt e-mail),Para wodna,,,,Źródło energii,Germany,Munich,,,"111,87",,,#DZIEL/0!,Jednostka rozliczania,październik,"87,81","9822,78"
S2 - 3: Steam,Energia dostarczana w postaci pary wodnej - potrzebna informacja o typie ogrzewania (w razie problemu kontakt e-mail),Para wodna,,,,Źródło energii,France,Paris,,,"111,87",,,#DZIEL/0!,Jednostka rozliczania,listopad,"87,81","9822,78"
S2 - 3: Steam,Energia dostarczana w postaci pary wodnej - potrzebna informacja o typie ogrzewania (w razie problemu kontakt e-mail),Para wodna,,,,Źródło energii,Czechy,Brno,,,"111,87",,,#DZIEL/0!,Jednostka rozliczania,grudzień,"87,81","9822,78"
S2 - 4: Cold,Energia dostarczana w postaci chłodu - potrzebna informacja o typie instalacji (w razie problemu kontakt e-mail),Chłód,,,,Źródło energii,Poland,Warsaw,,,"117,32",,,#DZIEL/0!,Jednostka rozliczania,styczeń,"90,01","10560,35"
S2 - 4: Cold,Energia dostarczana w postaci chłodu - potrzebna informacja o typie instalacji (w razie problemu kontakt e-mail),Chłód,,,,Źródło energii,Poland,Wrocław,,,"117,32",,,#DZIEL/0!,Jednostka rozliczania,luty,"90,01","10560,35"
S2 - 4: Cold,Energia dostarczana w postaci chłodu - potrzebna informacja o typie instalacji (w razie problemu kontakt e-mail),Chłód,,,,Źródło energii,Germany,Berlin,,,"117,32",,,#DZIEL/0!,Jednostka rozliczania,marzec,"90,01","10560,35"
S2 - 4: Cold,Energia dostarczana w postaci chłodu - potrzebna informacja o typie instalacji (w razie problemu kontakt e-mail),Chłód,,,,Źródło energii,Germany,Munich,,,"117,32",,,#DZIEL/0!,Jednostka rozliczania,kwiecień,"90,01","10560,35"
S2 - 4: Cold,Energia dostarczana w postaci chłodu - potrzebna informacja o typie instalacji (w razie problemu kontakt e-mail),Chłód,,,,Źródło energii,France,Paris,,,"117,32",,,#DZIEL/0!,Jednostka rozliczania,maj,"90,01","10560,35"
S2 - 4: Cold,Energia dostarczana w postaci chłodu - potrzebna informacja o typie instalacji (w razie problemu kontakt e-mail),Chłód,,,,Źródło energii,Czechy,Brno,,,"117,32",,,#DZIEL/0!,Jednostka rozliczania,czerwiec,"90,01","10560,35"
S3 - 1: Purchased Goods and Services,"Informacje o zakupionych towarach w danym roku, z podziałem na kategorie",x,,,,Produkt1,Poland,Warsaw,,,"122,77",,"10,00","1132,20",szt.,lipiec,"92,22","11321,98"
S3 - 1: Purchased Goods and Services,"Informacje o zakupionych towarach w danym roku, z podziałem na kategorie",x,,,,Produkt2,Poland,Wrocław,,,"128,23",,"10,00","1210,77",szt.,sierpień,"94,42","12107,66"
S3 - 1: Purchased Goods and Services,"Informacje o zakupionych towarach w danym roku, z podziałem na kategorie",x,,,,Produkt3,Poland,Warsaw,,,"133,68",,"10,00","1291,74",szt.,wrzesień,"96,63","12917,40"
S3 - 1: Purchased Goods and Services,"Informacje o zakupionych towarach w danym roku, z podziałem na kategorie",x,,,,Produkt4,Poland,Wrocław,,,"139,13",,"10,00","1375,12",szt.,październik,"98,84","13751,20"
S3 - 1: Purchased Goods and Services,"Informacje o zakupionych towarach w danym roku, z podziałem na kategorie",x,,,,Produkt5,Poland,Warsaw,,,"144,58",,"10,00","1460,91",szt.,listopad,"101,04","14609,05"
S3 - 1: Purchased Goods and Services,"Informacje o zakupionych towarach w danym roku, z podziałem na kategorie",x,,,,Produkt6,Poland,Wrocław,,,"150,04",,"10,00","1549,10",szt.,grudzień,"103,25","15490,96"
S3 - 1: Purchased Goods and Services,"Informacje o zakupionych towarach w danym roku, z podziałem na kategorie",x,,,,Produkt7,Poland,Warsaw,,,"155,49",,"10,00","1056,57",szt.,styczeń,"67,95","10565,65"
S3 - 1: Purchased Goods and Services,"Informacje o zakupionych towarach w danym roku, z podziałem na kategorie",x,,,,Produkt8,Poland,Wrocław,,,"160,94",,"10,00","1129,12",szt.,luty,"70,16","11291,19"
S3 - 1: Purchased Goods and Services,"Informacje o zakupionych towarach w danym roku, z podziałem na kategorie",x,,,,Produkt1,Poland,Warsaw,,,"122,77",,"10,00","1132,20",szt.,marzec,"92,22","11321,98"
S3 - 1: Purchased Goods and Services,"Informacje o zakupionych towarach w danym roku, z podziałem na kategorie",x,,,,Produkt2,Poland,Wrocław,,,"128,23",,"10,00","1210,77",szt.,kwiecień,"94,42","12107,66"
S3 - 1: Purchased Goods and Services,"Informacje o zakupionych towarach w danym roku, z podziałem na kategorie",x,,,,Produkt3,Poland,Warsaw,,,"133,68",,"10,00","1291,74",szt.,maj,"96,63","12917,40"
S3 - 1: Purchased Goods and Services,"Informacje o zakupionych towarach w danym roku, z podziałem na kategorie",x,,,,Produkt4,Poland,Wrocław,,,"139,13",,"10,00","1375,12",szt.,czerwiec,"98,84","13751,20"
S3 - 1: Purchased Goods and Services,"Informacje o zakupionych towarach w danym roku, z podziałem na kategorie",x,,,,Produkt5,Poland,Warsaw,,,"144,58",,"10,00","1460,91",szt.,lipiec,"101,04","14609,05"
S3 - 1: Purchased Goods and Services,"Informacje o zakupionych towarach w danym roku, z podziałem na kategorie",x,,,,Produkt6,Poland,Wrocław,,,"150,04",,"10,00","1549,10",szt.,sierpień,"103,25","15490,96"
S3 - 1: Purchased Goods and Services,"Informacje o zakupionych towarach w danym roku, z podziałem na kategorie",x,,,,Produkt7,Poland,Warsaw,,,"155,49",,"10,00","1056,57",szt.,wrzesień,"67,95","10565,65"
S3 - 1: Purchased Goods and Services,"Informacje o zakupionych towarach w danym roku, z podziałem na kategorie",x,,,,Produkt8,Poland,Wrocław,,,"160,94",,"10,00","1129,12",szt.,październik,"70,16","11291,19"
S3 - 1: Purchased Goods and Services,"Informacje o zakupionych towarach w danym roku, z podziałem na kategorie",x,,,,Produkt1,Germany,Berlin,,,"122,77",,"10,00","1132,20",szt.,listopad,"92,22","11321,98"
S3 - 1: Purchased Goods and Services,"Informacje o zakupionych towarach w danym roku, z podziałem na kategorie",x,,,,Produkt2,Germany,Munich,,,"128,23",,"10,00","1210,77",szt.,grudzień,"94,42","12107,66"
S3 - 1: Purchased Goods and Services,"Informacje o zakupionych towarach w danym roku, z podziałem na kategorie",x,,,,Produkt3,Germany,Berlin,,,"133,68",,"10,00","1291,74",szt.,styczeń,"96,63","12917,40"
S3 - 1: Purchased Goods and Services,"Informacje o zakupionych towarach w danym roku, z podziałem na kategorie",x,,,,Produkt4,Germany,Munich,,,"139,13",,"10,00","1375,12",szt.,luty,"98,84","13751,20"
S3 - 1: Purchased Goods and Services,"Informacje o zakupionych towarach w danym roku, z podziałem na kategorie",x,,,,Produkt5,Germany,Berlin,,,"144,58",,"10,00","1460,91",szt.,marzec,"101,04","14609,05"
S3 - 1: Purchased Goods and Services,"Informacje o zakupionych towarach w danym roku, z podziałem na kategorie",x,,,,Produkt6,Germany,Munich,,,"150,04",,"10,00","1549,10",szt.,kwiecień,"103,25","15490,96"
S3 - 1: Purchased Goods and Services,"Informacje o zakupionych towarach w danym roku, z podziałem na kategorie",x,,,,Produkt7,Germany,Berlin,,,"155,49",,"10,00","1056,57",szt.,maj,"67,95","10565,65"
S3 - 1: Purchased Goods and Services,"Informacje o zakupionych towarach w danym roku, z podziałem na kategorie",x,,,,Produkt8,Germany,Munich,,,"160,94",,"10,00","1129,12",szt.,czerwiec,"70,16","11291,19"
S3 - 1: Purchased Goods and Services,"Informacje o zakupionych towarach w danym roku, z podziałem na kategorie",x,,,,Produkt1,Germany,Berlin,,,"122,77",,"10,00","1132,20",szt.,lipiec,"92,22","11321,98"
S3 - 1: Purchased Goods and Services,"Informacje o zakupionych towarach w danym roku, z podziałem na kategorie",x,,,,Produkt2,Germany,Munich,,,"128,23",,"10,00","1210,77",szt.,sierpień,"94,42","12107,66"
S3 - 1: Purchased Goods and Services,"Informacje o zakupionych towarach w danym roku, z podziałem na kategorie",x,,,,Produkt3,Germany,Berlin,,,"133,68",,"10,00","1291,74",szt.,wrzesień,"96,63","12917,40"
S3 - 1: Purchased Goods and Services,"Informacje o zakupionych towarach w danym roku, z podziałem na kategorie",x,,,,Produkt4,Germany,Munich,,,"139,13",,"10,00","1375,12",szt.,październik,"98,84","13751,20"
S3 - 1: Purchased Goods and Services,"Informacje o zakupionych towarach w danym roku, z podziałem na kategorie",x,,,,Produkt5,Germany,Berlin,,,"144,58",,"10,00","1460,91",szt.,listopad,"101,04","14609,05"
S3 - 1: Purchased Goods and Services,"Informacje o zakupionych towarach w danym roku, z podziałem na kategorie",x,,,,Produkt6,Germany,Munich,,,"150,04",,"10,00","1549,10",szt.,grudzień,"103,25","15490,96"
S3 - 1: Purchased Goods and Services,"Informacje o zakupionych towarach w danym roku, z podziałem na kategorie",x,,,,Produkt7,Germany,Berlin,,,"155,49",,"10,00","1056,57",szt.,styczeń,"67,95","10565,65"
S3 - 1: Purchased Goods and Services,"Informacje o zakupionych towarach w danym roku, z podziałem na kategorie",x,,,,Produkt8,Germany,Munich,,,"160,94",,"10,00","1129,12",szt.,luty,"70,16","11291,19"
S3 - 1: Purchased Goods and Services,"Informacje o zakupionych towarach w danym roku, z podziałem na kategorie",x,,,,Produkt1,France,Paris,,,"122,77",,"10,00","1132,20",szt.,marzec,"92,22","11321,98"
S3 - 1: Purchased Goods and Services,"Informacje o zakupionych towarach w danym roku, z podziałem na kategorie",x,,,,Produkt2,France,Paris,,,"128,23",,"10,00","1210,77",szt.,kwiecień,"94,42","12107,66"
S3 - 1: Purchased Goods and Services,"Informacje o zakupionych towarach w danym roku, z podziałem na kategorie",x,,,,Produkt3,France,Paris,,,"133,68",,"10,00","1291,74",szt.,maj,"96,63","12917,40"
S3 - 1: Purchased Goods and Services,"Informacje o zakupionych towarach w danym roku, z podziałem na kategorie",x,,,,Produkt4,France,Paris,,,"139,13",,"10,00","1375,12",szt.,czerwiec,"98,84","13751,20"
S3 - 1: Purchased Goods and Services,"Informacje o zakupionych towarach w danym roku, z podziałem na kategorie",x,,,,Produkt5,France,Paris,,,"144,58",,"10,00","1460,91",szt.,lipiec,"101,04","14609,05"
S3 - 1: Purchased Goods and Services,"Informacje o zakupionych towarach w danym roku, z podziałem na kategorie",x,,,,Produkt6,France,Paris,,,"150,04",,"10,00","1549,10",szt.,sierpień,"103,25","15490,96"
S3 - 1: Purchased Goods and Services,"Informacje o zakupionych towarach w danym roku, z podziałem na kategorie",x,,,,Produkt7,France,Paris,,,"155,49",,"10,00","1056,57",szt.,wrzesień,"67,95","10565,65"
S3 - 1: Purchased Goods and Services,"Informacje o zakupionych towarach w danym roku, z podziałem na kategorie",x,,,,Produkt8,France,Paris,,,"160,94",,"10,00","1129,12",szt.,październik,"70,16","11291,19"
S3 - 1: Purchased Goods and Services,"Informacje o zakupionych towarach w danym roku, z podziałem na kategorie",x,,,,Produkt1,Czechy,Brno,,,"122,77",,"10,00","1132,20",szt.,listopad,"92,22","11321,98"
S3 - 1: Purchased Goods and Services,"Informacje o zakupionych towarach w danym roku, z podziałem na kategorie",x,,,,Produkt2,Czechy,Brno,,,"128,23",,"10,00","1210,77",szt.,grudzień,"94,42","12107,66"
S3 - 1: Purchased Goods and Services,"Informacje o zakupionych towarach w danym roku, z podziałem na kategorie",x,,,,Produkt3,Czechy,Brno,,,"133,68",,"10,00","1291,74",szt.,styczeń,"96,63","12917,40"
S3 - 1: Purchased Goods and Services,"Informacje o zakupionych towarach w danym roku, z podziałem na kategorie",x,,,,Produkt4,Czechy,Brno,,,"139,13",,"10,00","1375,12",szt.,luty,"98,84","13751,20"
S3 - 1: Purchased Goods and Services,"Informacje o zakupionych towarach w danym roku, z podziałem na kategorie",x,,,,Produkt5,Czechy,Brno,,,"144,58",,"10,00","1460,91",szt.,marzec,"101,04","14609,05"
S3 - 1: Purchased Goods and Services,"Informacje o zakupionych towarach w danym roku, z podziałem na kategorie",x,,,,Produkt6,Czechy,Brno,,,"150,04",,"10,00","1549,10",szt.,kwiecień,"103,25","15490,96"
S3 - 1: Purchased Goods and Services,"Informacje o zakupionych towarach w danym roku, z podziałem na kategorie",x,,,,Produkt7,Czechy,Brno,,,"155,49",,"10,00","1056,57",szt.,maj,"67,95","10565,65"
S3 - 1: Purchased Goods and Services,"Informacje o zakupionych towarach w danym roku, z podziałem na kategorie",x,,,,Produkt8,Czechy,Brno,,,"160,94",,"10,00","1129,12",szt.,czerwiec,"70,16","11291,19"
S3 - 2: Capital Goods,Informacje o zakupionych aktywach trwałych w roku raportowania,x,,,,Numer1,Poland,Warsaw,,,"166,39",,"10,00","1204,08",szt.,lipiec,"72,36","12040,79"
S3 - 2: Capital Goods,Informacje o zakupionych aktywach trwałych w roku raportowania,x,,,,Numer2,Poland,Warsaw,,,"171,85",,"10,00","1281,44",szt.,sierpień,"74,57","12814,45"
S3 - 2: Capital Goods,Informacje o zakupionych aktywach trwałych w roku raportowania,x,,,,Numer3,Poland,Warsaw,,,"177,30",,"10,00","1361,22",szt.,wrzesień,"76,78","13612,16"
S3 - 2: Capital Goods,Informacje o zakupionych aktywach trwałych w roku raportowania,x,,,,Numer1,Poland,Wrocław,,,"166,39",,"10,00","1204,08",szt.,październik,"72,36","12040,79"
S3 - 2: Capital Goods,Informacje o zakupionych aktywach trwałych w roku raportowania,x,,,,Numer2,Poland,Wrocław,,,"171,85",,"10,00","1281,44",szt.,listopad,"74,57","12814,45"
S3 - 2: Capital Goods,Informacje o zakupionych aktywach trwałych w roku raportowania,x,,,,Numer3,Poland,Wrocław,,,"177,30",,"10,00","1361,22",szt.,grudzień,"76,78","13612,16"
S3 - 2: Capital Goods,Informacje o zakupionych aktywach trwałych w roku raportowania,x,,,,Numer1,Germany,Berlin,,,"166,39",,"10,00","1204,08",szt.,styczeń,"72,36","12040,79"
S3 - 2: Capital Goods,Informacje o zakupionych aktywach trwałych w roku raportowania,x,,,,Numer2,Germany,Berlin,,,"171,85",,"10,00","1281,44",szt.,luty,"74,57","12814,45"
S3 - 2: Capital Goods,Informacje o zakupionych aktywach trwałych w roku raportowania,x,,,,Numer3,Germany,Berlin,,,"177,30",,"10,00","1361,22",szt.,marzec,"76,78","13612,16"
S3 - 2: Capital Goods,Informacje o zakupionych aktywach trwałych w roku raportowania,x,,,,Numer1,Germany,Munich,,,"166,39",,"10,00","1204,08",szt.,kwiecień,"72,36","12040,79"
S3 - 2: Capital Goods,Informacje o zakupionych aktywach trwałych w roku raportowania,x,,,,Numer2,Germany,Munich,,,"171,85",,"10,00","1281,44",szt.,maj,"74,57","12814,45"
S3 - 2: Capital Goods,Informacje o zakupionych aktywach trwałych w roku raportowania,x,,,,Numer3,Germany,Munich,,,"177,30",,"10,00","1361,22",szt.,czerwiec,"76,78","13612,16"
S3 - 2: Capital Goods,Informacje o zakupionych aktywach trwałych w roku raportowania,x,,,,Numer1,France,Paris,,,"166,39",,"10,00","1204,08",szt.,lipiec,"72,36","12040,79"
S3 - 2: Capital Goods,Informacje o zakupionych aktywach trwałych w roku raportowania,x,,,,Numer2,France,Paris,,,"171,85",,"10,00","1281,44",szt.,sierpień,"74,57","12814,45"
S3 - 2: Capital Goods,Informacje o zakupionych aktywach trwałych w roku raportowania,x,,,,Numer3,France,Paris,,,"177,30",,"10,00","1361,22",szt.,wrzesień,"76,78","13612,16"
S3 - 2: Capital Goods,Informacje o zakupionych aktywach trwałych w roku raportowania,x,,,,Numer1,Czechy,Brno,,,"166,39",,"10,00","1204,08",szt.,październik,"72,36","12040,79"
S3 - 2: Capital Goods,Informacje o zakupionych aktywach trwałych w roku raportowania,x,,,,Numer2,Czechy,Brno,,,"171,85",,"10,00","1281,44",szt.,listopad,"74,57","12814,45"
S3 - 2: Capital Goods,Informacje o zakupionych aktywach trwałych w roku raportowania,x,,,,Numer3,Czechy,Brno,,,"177,30",,"10,00","1361,22",szt.,grudzień,"76,78","13612,16"
S3 - 3: Fuel- and Energy-Related Activities Not Included in Scope 1 or Scope 2,x,x,,,,x,Poland,Warsaw,,,"182,75",,,#DZIEL/0!,x,styczeń,"78,98","14433,93"
S3 - 3: Fuel- and Energy-Related Activities Not Included in Scope 1 or Scope 2,x,x,,,,x,Poland,Wrocław,,,"182,75",,,#DZIEL/0!,x,luty,"78,98","14433,93"
S3 - 3: Fuel- and Energy-Related Activities Not Included in Scope 1 or Scope 2,x,x,,,,x,Germany,Berlin,,,"182,75",,,#DZIEL/0!,x,marzec,"78,98","14433,93"
S3 - 3: Fuel- and Energy-Related Activities Not Included in Scope 1 or Scope 2,x,x,,,,x,Germany,Munich,,,"182,75",,,#DZIEL/0!,x,kwiecień,"78,98","14433,93"
S3 - 3: Fuel- and Energy-Related Activities Not Included in Scope 1 or Scope 2,x,x,,,,x,France,Paris,,,"182,75",,,#DZIEL/0!,x,maj,"78,98","14433,93"
S3 - 3: Fuel- and Energy-Related Activities Not Included in Scope 1 or Scope 2,x,x,,,,x,Czechy,Brno,,,"182,75",,,#DZIEL/0!,x,czerwiec,"78,98","14433,93"
S3 - 4: Upstream Transportation and Distribution,Wykonane dostawy do siedzib Answer,x,,,,Transport kolejowy,Poland,Warsaw,,,"193,65","10,00",,#DZIEL/0!,km,lipiec,"83,39","16149,63"
S3 - 4: Upstream Transportation and Distribution,Wykonane dostawy do siedzib Answer,x,,,,Transport drogowy,Poland,Warsaw,,,"199,11","10,00",,#DZIEL/0!,km,sierpień,"85,60","17043,57"
S3 - 4: Upstream Transportation and Distribution,Wykonane dostawy do siedzib Answer,x,,,,Transport morski,Poland,Warsaw,,,"204,56","10,00",,#DZIEL/0!,km,wrzesień,"87,81","17961,57"
S3 - 4: Upstream Transportation and Distribution,Wykonane dostawy do siedzib Answer,x,,,,Transport kolejowy,Poland,Wrocław,,,"193,65","10,00",,#DZIEL/0!,km,październik,"83,39","16149,63"
S3 - 4: Upstream Transportation and Distribution,Wykonane dostawy do siedzib Answer,x,,,,Transport drogowy,Poland,Wrocław,,,"199,11","10,00",,#DZIEL/0!,km,listopad,"85,60","17043,57"
S3 - 4: Upstream Transportation and Distribution,Wykonane dostawy do siedzib Answer,x,,,,Transport morski,Poland,Wrocław,,,"204,56","10,00",,#DZIEL/0!,km,grudzień,"87,81","17961,57"
S3 - 4: Upstream Transportation and Distribution,Wykonane dostawy do siedzib Answer,x,,,,Transport kolejowy,Germany,Berlin,,,"193,65","10,00",,#DZIEL/0!,km,styczeń,"83,39","16149,63"
S3 - 4: Upstream Transportation and Distribution,Wykonane dostawy do siedzib Answer,x,,,,Transport drogowy,Germany,Berlin,,,"199,11","10,00",,#DZIEL/0!,km,luty,"85,60","17043,57"
S3 - 4: Upstream Transportation and Distribution,Wykonane dostawy do siedzib Answer,x,,,,Transport morski,Germany,Berlin,,,"204,56","10,00",,#DZIEL/0!,km,marzec,"87,81","17961,57"
S3 - 4: Upstream Transportation and Distribution,Wykonane dostawy do siedzib Answer,x,,,,Transport kolejowy,Germany,Munich,,,"193,65","10,00",,#DZIEL/0!,km,kwiecień,"83,39","16149,63"
S3 - 4: Upstream Transportation and Distribution,Wykonane dostawy do siedzib Answer,x,,,,Transport drogowy,Germany,Munich,,,"199,11","10,00",,#DZIEL/0!,km,maj,"85,60","17043,57"
S3 - 4: Upstream Transportation and Distribution,Wykonane dostawy do siedzib Answer,x,,,,Transport morski,Germany,Munich,,,"204,56","10,00",,#DZIEL/0!,km,czerwiec,"87,81","17961,57"
S3 - 4: Upstream Transportation and Distribution,Wykonane dostawy do siedzib Answer,x,,,,Transport kolejowy,France,Paris,,,"193,65","10,00",,#DZIEL/0!,km,lipiec,"83,39","16149,63"
S3 - 4: Upstream Transportation and Distribution,Wykonane dostawy do siedzib Answer,x,,,,Transport drogowy,France,Paris,,,"199,11","10,00",,#DZIEL/0!,km,sierpień,"85,60","17043,57"
S3 - 4: Upstream Transportation and Distribution,Wykonane dostawy do siedzib Answer,x,,,,Transport morski,France,Paris,,,"204,56","10,00",,#DZIEL/0!,km,wrzesień,"87,81","17961,57"
S3 - 4: Upstream Transportation and Distribution,Wykonane dostawy do siedzib Answer,x,,,,Transport kolejowy,Czechy,Brno,,,"193,65","10,00",,#DZIEL/0!,km,październik,"83,39","16149,63"
S3 - 4: Upstream Transportation and Distribution,Wykonane dostawy do siedzib Answer,x,,,,Transport drogowy,Czechy,Brno,,,"199,11","10,00",,#DZIEL/0!,km,listopad,"85,60","17043,57"
S3 - 4: Upstream Transportation and Distribution,Wykonane dostawy do siedzib Answer,x,,,,Transport morski,Czechy,Brno,,,"204,56","10,00",,#DZIEL/0!,km,grudzień,"87,81","17961,57"
S3 - 5: Waste Generated in Operations,"Sumaryczna wartość generowanych odpadów, z podziałem na rodzaje",x,,,,Odpad1,Poland,Warsaw,,,"215,46",,,#DZIEL/0!,m3,styczeń,"92,22","19869,72"
S3 - 5: Waste Generated in Operations,"Sumaryczna wartość generowanych odpadów, z podziałem na rodzaje",x,,,,Odpad2,Poland,Warsaw,,,"220,92",,,#DZIEL/0!,m3,luty,"94,42","20859,89"
S3 - 5: Waste Generated in Operations,"Sumaryczna wartość generowanych odpadów, z podziałem na rodzaje",x,,,,Odpad3,Poland,Warsaw,,,"226,37",,,#DZIEL/0!,m3,marzec,"96,63","21874,11"
S3 - 5: Waste Generated in Operations,"Sumaryczna wartość generowanych odpadów, z podziałem na rodzaje",x,,,,Odpad1,Poland,Wrocław,,,"215,46",,,#DZIEL/0!,m3,kwiecień,"92,22","19869,72"
S3 - 5: Waste Generated in Operations,"Sumaryczna wartość generowanych odpadów, z podziałem na rodzaje",x,,,,Odpad2,Poland,Wrocław,,,"220,92",,,#DZIEL/0!,m3,maj,"94,42","20859,89"
S3 - 5: Waste Generated in Operations,"Sumaryczna wartość generowanych odpadów, z podziałem na rodzaje",x,,,,Odpad3,Poland,Wrocław,,,"226,37",,,#DZIEL/0!,m3,czerwiec,"96,63","21874,11"
S3 - 5: Waste Generated in Operations,"Sumaryczna wartość generowanych odpadów, z podziałem na rodzaje",x,,,,Odpad1,Germany,Berlin,,,"215,46",,,#DZIEL/0!,m3,lipiec,"92,22","19869,72"
S3 - 5: Waste Generated in Operations,"Sumaryczna wartość generowanych odpadów, z podziałem na rodzaje",x,,,,Odpad2,Germany,Berlin,,,"220,92",,,#DZIEL/0!,m3,sierpień,"94,42","20859,89"
S3 - 5: Waste Generated in Operations,"Sumaryczna wartość generowanych odpadów, z podziałem na rodzaje",x,,,,Odpad3,Germany,Berlin,,,"226,37",,,#DZIEL/0!,m3,wrzesień,"96,63","21874,11"
S3 - 5: Waste Generated in Operations,"Sumaryczna wartość generowanych odpadów, z podziałem na rodzaje",x,,,,Odpad1,Germany,Munich,,,"215,46",,,#DZIEL/0!,m3,październik,"92,22","19869,72"
S3 - 5: Waste Generated in Operations,"Sumaryczna wartość generowanych odpadów, z podziałem na rodzaje",x,,,,Odpad2,Germany,Munich,,,"220,92",,,#DZIEL/0!,m3,listopad,"94,42","20859,89"
S3 - 5: Waste Generated in Operations,"Sumaryczna wartość generowanych odpadów, z podziałem na rodzaje",x,,,,Odpad3,Germany,Munich,,,"226,37",,,#DZIEL/0!,m3,grudzień,"96,63","21874,11"
S3 - 5: Waste Generated in Operations,"Sumaryczna wartość generowanych odpadów, z podziałem na rodzaje",x,,,,Odpad1,France,Paris,,,"215,46",,,#DZIEL/0!,m3,styczeń,"92,22","19869,72"
S3 - 5: Waste Generated in Operations,"Sumaryczna wartość generowanych odpadów, z podziałem na rodzaje",x,,,,Odpad2,France,Paris,,,"220,92",,,#DZIEL/0!,m3,luty,"94,42","20859,89"
S3 - 5: Waste Generated in Operations,"Sumaryczna wartość generowanych odpadów, z podziałem na rodzaje",x,,,,Odpad3,France,Paris,,,"226,37",,,#DZIEL/0!,m3,marzec,"96,63","21874,11"
S3 - 5: Waste Generated in Operations,"Sumaryczna wartość generowanych odpadów, z podziałem na rodzaje",x,,,,Odpad1,Czechy,Brno,,,"215,46",,,#DZIEL/0!,m3,kwiecień,"92,22","19869,72"
S3 - 5: Waste Generated in Operations,"Sumaryczna wartość generowanych odpadów, z podziałem na rodzaje",x,,,,Odpad2,Czechy,Brno,,,"220,92",,,#DZIEL/0!,m3,maj,"94,42","20859,89"
S3 - 5: Waste Generated in Operations,"Sumaryczna wartość generowanych odpadów, z podziałem na rodzaje",x,,,,Odpad3,Czechy,Brno,,,"226,37",,,#DZIEL/0!,m3,czerwiec,"96,63","21874,11"
S3 - 6: Business Travel,"Informacje nt. podróży służbowych (rodzaj środka, ilość km)",x,,,,Pociąg,Poland,Warsaw,,,"237,27","10,00",,#DZIEL/0!,km,lipiec,"101,04","23974,72"
S3 - 6: Business Travel,"Informacje nt. podróży służbowych (rodzaj środka, ilość km)",x,,,,Autobus,Poland,Warsaw,,,"242,73","10,00",,#DZIEL/0!,km,sierpień,"103,25","25061,11"
S3 - 6: Business Travel,"Informacje nt. podróży służbowych (rodzaj środka, ilość km)",x,,,,Samolot,Poland,Warsaw,,,"248,18","10,00",,#DZIEL/0!,km,wrzesień,"67,95","16864,11"
S3 - 6: Business Travel,"Informacje nt. podróży służbowych (rodzaj środka, ilość km)",x,,,,Pociąg,Poland,Wrocław,,,"253,63","10,00",,#DZIEL/0!,km,październik,"101,04","25627,49"
S3 - 6: Business Travel,"Informacje nt. podróży służbowych (rodzaj środka, ilość km)",x,,,,Autobus,Poland,Wrocław,,,"259,08","10,00",,#DZIEL/0!,km,listopad,"103,25","26749,96"
S3 - 6: Business Travel,"Informacje nt. podróży służbowych (rodzaj środka, ilość km)",x,,,,Samolot,Poland,Wrocław,,,"264,54","10,00",,#DZIEL/0!,km,grudzień,"67,95","17975,60"
S3 - 6: Business Travel,"Informacje nt. podróży służbowych (rodzaj środka, ilość km)",x,,,,Pociąg,Germany,Berlin,,,"269,99","10,00",,#DZIEL/0!,km,styczeń,"101,04","27280,25"
S3 - 6: Business Travel,"Informacje nt. podróży służbowych (rodzaj środka, ilość km)",x,,,,Autobus,Germany,Berlin,,,"275,44","10,00",,#DZIEL/0!,km,luty,"103,25","28438,81"
S3 - 6: Business Travel,"Informacje nt. podróży służbowych (rodzaj środka, ilość km)",x,,,,Samolot,Germany,Berlin,,,"280,89","10,00",,#DZIEL/0!,km,marzec,"67,95","19087,10"
S3 - 6: Business Travel,"Informacje nt. podróży służbowych (rodzaj środka, ilość km)",x,,,,Pociąg,Germany,Munich,,,"286,35","10,00",,#DZIEL/0!,km,kwiecień,"101,04","28933,02"
S3 - 6: Business Travel,"Informacje nt. podróży służbowych (rodzaj środka, ilość km)",x,,,,Autobus,Germany,Munich,,,"291,80","10,00",,#DZIEL/0!,km,maj,"103,25","30127,66"
S3 - 6: Business Travel,"Informacje nt. podróży służbowych (rodzaj środka, ilość km)",x,,,,Samolot,Germany,Munich,,,"297,25","10,00",,#DZIEL/0!,km,czerwiec,"67,95","20198,59"
S3 - 6: Business Travel,"Informacje nt. podróży służbowych (rodzaj środka, ilość km)",x,,,,Pociąg,France,Paris,,,"302,70","10,00",,#DZIEL/0!,km,lipiec,"101,04","30585,78"
S3 - 6: Business Travel,"Informacje nt. podróży służbowych (rodzaj środka, ilość km)",x,,,,Autobus,France,Paris,,,"308,15","10,00",,#DZIEL/0!,km,sierpień,"103,25","31816,51"
S3 - 6: Business Travel,"Informacje nt. podróży służbowych (rodzaj środka, ilość km)",x,,,,Samolot,France,Paris,,,"313,61","10,00",,#DZIEL/0!,km,wrzesień,"67,95","21310,08"
S3 - 6: Business Travel,"Informacje nt. podróży służbowych (rodzaj środka, ilość km)",x,,,,Pociąg,Czechy,Brno,,,"319,06","10,00",,#DZIEL/0!,km,październik,"101,04","32238,55"
S3 - 6: Business Travel,"Informacje nt. podróży służbowych (rodzaj środka, ilość km)",x,,,,Autobus,Czechy,Brno,,,"324,51","10,00",,#DZIEL/0!,km,listopad,"103,25","33505,36"
S3 - 6: Business Travel,"Informacje nt. podróży służbowych (rodzaj środka, ilość km)",x,,,,Samolot,Czechy,Brno,,,"329,96","10,00",,#DZIEL/0!,km,grudzień,"67,95","22421,57"
S3 - 7: Employee Commuting,Informacje nt. dojazdu pracowników do pracy,x,,,,Pociąg,Poland,Warsaw,,,"264,54","10,00",,#DZIEL/0!,km,styczeń,"74,57","19726,35"
S3 - 7: Employee Commuting,Informacje nt. dojazdu pracowników do pracy,x,,,,Autobus,Poland,Warsaw,,,"269,99","10,00",,#DZIEL/0!,km,luty,"76,78","20728,54"
S3 - 7: Employee Commuting,Informacje nt. dojazdu pracowników do pracy,x,,,,Tramwaj,Poland,Warsaw,,,"275,44","10,00",,#DZIEL/0!,km,marzec,"78,98","21754,79"
S3 - 7: Employee Commuting,Informacje nt. dojazdu pracowników do pracy,x,,,,Pociąg,Poland,Wrocław,,,"280,89","10,00",,#DZIEL/0!,km,kwiecień,"81,19","22805,10"
S3 - 7: Employee Commuting,Informacje nt. dojazdu pracowników do pracy,x,,,,Autobus,Poland,Wrocław,,,"286,35","10,00",,#DZIEL/0!,km,maj,"83,39","23879,46"
S3 - 7: Employee Commuting,Informacje nt. dojazdu pracowników do pracy,x,,,,Tramwaj,Poland,Wrocław,,,"291,80","10,00",,#DZIEL/0!,km,czerwiec,"85,60","24977,88"
S3 - 7: Employee Commuting,Informacje nt. dojazdu pracowników do pracy,x,,,,Pociąg,Germany,Berlin,,,"297,25","10,00",,#DZIEL/0!,km,lipiec,"87,81","26100,35"
S3 - 7: Employee Commuting,Informacje nt. dojazdu pracowników do pracy,x,,,,Autobus,Germany,Berlin,,,"302,70","10,00",,#DZIEL/0!,km,sierpień,"90,01","27246,88"
S3 - 7: Employee Commuting,Informacje nt. dojazdu pracowników do pracy,x,,,,Tramwaj,Germany,Berlin,,,"308,15","10,00",,#DZIEL/0!,km,wrzesień,"92,22","28417,47"
S3 - 7: Employee Commuting,Informacje nt. dojazdu pracowników do pracy,x,,,,Pociąg,Germany,Munich,,,"313,61","10,00",,#DZIEL/0!,km,październik,"94,42","29612,12"
S3 - 7: Employee Commuting,Informacje nt. dojazdu pracowników do pracy,x,,,,Autobus,Germany,Munich,,,"319,06","10,00",,#DZIEL/0!,km,listopad,"96,63","30830,82"
S3 - 7: Employee Commuting,Informacje nt. dojazdu pracowników do pracy,x,,,,Tramwaj,Germany,Munich,,,"324,51","10,00",,#DZIEL/0!,km,grudzień,"98,84","32073,58"
S3 - 7: Employee Commuting,Informacje nt. dojazdu pracowników do pracy,x,,,,Pociąg,France,Paris,,,"329,96","10,00",,#DZIEL/0!,km,styczeń,"101,04","33340,39"
S3 - 7: Employee Commuting,Informacje nt. dojazdu pracowników do pracy,x,,,,Autobus,France,Paris,,,"335,42","10,00",,#DZIEL/0!,km,luty,"103,25","34631,26"
S3 - 7: Employee Commuting,Informacje nt. dojazdu pracowników do pracy,x,,,,Tramwaj,France,Paris,,,"340,87","10,00",,#DZIEL/0!,km,marzec,"105,45","35946,19"
S3 - 7: Employee Commuting,Informacje nt. dojazdu pracowników do pracy,x,,,,Pociąg,Czechy,Brno,,,"346,32","10,00",,#DZIEL/0!,km,kwiecień,"107,66","37285,17"
S3 - 7: Employee Commuting,Informacje nt. dojazdu pracowników do pracy,x,,,,Autobus,Czechy,Brno,,,"351,77","10,00",,#DZIEL/0!,km,maj,"109,87","38648,22"
S3 - 7: Employee Commuting,Informacje nt. dojazdu pracowników do pracy,x,,,,Tramwaj,Czechy,Brno,,,"357,23",,,#DZIEL/0!,km,czerwiec,"112,07","40035,31"
S3 - 8: Upstream Leased Assets,Informacje nt. leasingowanych towarów (leasingobiorca),x,,,,Maszyna1,Poland,Warsaw,,,"291,80",,,#DZIEL/0!,,lipiec,"85,60","24977,88"
S3 - 8: Upstream Leased Assets,Informacje nt. leasingowanych towarów (leasingobiorca),x,,,,Obiekt1,Poland,Warsaw,,,"297,25",,,#DZIEL/0!,,sierpień,"87,81","26100,35"
S3 - 8: Upstream Leased Assets,Informacje nt. leasingowanych towarów (leasingobiorca),x,,,,Pojazd1,Poland,Warsaw,,,"302,70",,,#DZIEL/0!,,wrzesień,"90,01","27246,88"
S3 - 8: Upstream Leased Assets,Informacje nt. leasingowanych towarów (leasingobiorca),x,,,,Maszyna1,Poland,Wrocław,,,"308,15",,,#DZIEL/0!,,październik,"92,22","28417,47"
S3 - 8: Upstream Leased Assets,Informacje nt. leasingowanych towarów (leasingobiorca),x,,,,Obiekt1,Poland,Wrocław,,,"313,61",,,#DZIEL/0!,,listopad,"94,42","29612,12"
S3 - 8: Upstream Leased Assets,Informacje nt. leasingowanych towarów (leasingobiorca),x,,,,Pojazd1,Poland,Wrocław,,,"319,06",,,#DZIEL/0!,,grudzień,"96,63","30830,82"
S3 - 8: Upstream Leased Assets,Informacje nt. leasingowanych towarów (leasingobiorca),x,,,,Maszyna1,Germany,Berlin,,,"324,51",,,#DZIEL/0!,,styczeń,"98,84","32073,58"
S3 - 8: Upstream Leased Assets,Informacje nt. leasingowanych towarów (leasingobiorca),x,,,,Obiekt1,Germany,Berlin,,,"329,96",,,#DZIEL/0!,,luty,"101,04","33340,39"
S3 - 8: Upstream Leased Assets,Informacje nt. leasingowanych towarów (leasingobiorca),x,,,,Pojazd1,Germany,Berlin,,,"335,42",,,#DZIEL/0!,,marzec,"103,25","34631,26"
S3 - 8: Upstream Leased Assets,Informacje nt. leasingowanych towarów (leasingobiorca),x,,,,Maszyna1,Germany,Munich,,,"340,87",,,#DZIEL/0!,,kwiecień,"105,45","35946,19"
S3 - 8: Upstream Leased Assets,Informacje nt. leasingowanych towarów (leasingobiorca),x,,,,Obiekt1,Germany,Munich,,,"346,32",,,#DZIEL/0!,,maj,"107,66","37285,17"
S3 - 8: Upstream Leased Assets,Informacje nt. leasingowanych towarów (leasingobiorca),x,,,,Pojazd1,Germany,Munich,,,"351,77",,,#DZIEL/0!,,czerwiec,"109,87","38648,22"
S3 - 8: Upstream Leased Assets,Informacje nt. leasingowanych towarów (leasingobiorca),x,,,,Maszyna1,France,Paris,,,"357,23",,,#DZIEL/0!,,lipiec,"112,07","40035,31"
S3 - 8: Upstream Leased Assets,Informacje nt. leasingowanych towarów (leasingobiorca),x,,,,Obiekt1,France,Paris,,,"362,68",,,#DZIEL/0!,,sierpień,"114,28","41446,47"
S3 - 8: Upstream Leased Assets,Informacje nt. leasingowanych towarów (leasingobiorca),x,,,,Pojazd1,France,Paris,,,"368,13",,,#DZIEL/0!,,wrzesień,"116,48","42881,68"
S3 - 8: Upstream Leased Assets,Informacje nt. leasingowanych towarów (leasingobiorca),x,,,,Maszyna1,Czechy,Brno,,,"373,58",,,#DZIEL/0!,,październik,"118,69","44340,95"
S3 - 8: Upstream Leased Assets,Informacje nt. leasingowanych towarów (leasingobiorca),x,,,,Obiekt1,Czechy,Brno,,,"379,04",,,#DZIEL/0!,,listopad,"120,90","45824,27"
S3 - 8: Upstream Leased Assets,Informacje nt. leasingowanych towarów (leasingobiorca),x,,,,Pojazd1,Czechy,Brno,,,"384,49",,,#DZIEL/0!,,grudzień,"123,10","47331,65"
S3 - 9: Downstream Transportation and Distribution,Wykonane dostawy z siedzib Answer do klientów,x,,,,Transport kolejowy,Poland,Warsaw,,,"324,51","10,00",,#DZIEL/0!,km,styczeń,"98,84","32073,58"
S3 - 9: Downstream Transportation and Distribution,Wykonane dostawy z siedzib Answer do klientów,x,,,,Transport drogowy,Poland,Warsaw,,,"329,96","10,00",,#DZIEL/0!,km,luty,"101,04","33340,39"
S3 - 9: Downstream Transportation and Distribution,Wykonane dostawy z siedzib Answer do klientów,x,,,,Transport morski,Poland,Warsaw,,,"335,42","10,00",,#DZIEL/0!,km,marzec,"103,25","34631,26"
S3 - 9: Downstream Transportation and Distribution,Wykonane dostawy z siedzib Answer do klientów,x,,,,Transport kolejowy,Poland,Wrocław,,,"340,87","10,00",,#DZIEL/0!,km,kwiecień,"105,45","35946,19"
S3 - 9: Downstream Transportation and Distribution,Wykonane dostawy z siedzib Answer do klientów,x,,,,Transport drogowy,Poland,Wrocław,,,"346,32","10,00",,#DZIEL/0!,km,maj,"107,66","37285,17"
S3 - 9: Downstream Transportation and Distribution,Wykonane dostawy z siedzib Answer do klientów,x,,,,Transport morski,Poland,Wrocław,,,"351,77","10,00",,#DZIEL/0!,km,czerwiec,"109,87","38648,22"
S3 - 9: Downstream Transportation and Distribution,Wykonane dostawy z siedzib Answer do klientów,x,,,,Transport kolejowy,Germany,Berlin,,,"357,23","10,00",,#DZIEL/0!,km,lipiec,"112,07","40035,31"
S3 - 9: Downstream Transportation and Distribution,Wykonane dostawy z siedzib Answer do klientów,x,,,,Transport drogowy,Germany,Berlin,,,"362,68","10,00",,#DZIEL/0!,km,sierpień,"114,28","41446,47"
S3 - 9: Downstream Transportation and Distribution,Wykonane dostawy z siedzib Answer do klientów,x,,,,Transport morski,Germany,Berlin,,,"368,13","10,00",,#DZIEL/0!,km,wrzesień,"116,48","42881,68"
S3 - 9: Downstream Transportation and Distribution,Wykonane dostawy z siedzib Answer do klientów,x,,,,Transport kolejowy,Germany,Munich,,,"373,58","10,00",,#DZIEL/0!,km,październik,"118,69","44340,95"
S3 - 9: Downstream Transportation and Distribution,Wykonane dostawy z siedzib Answer do klientów,x,,,,Transport drogowy,Germany,Munich,,,"379,04","10,00",,#DZIEL/0!,km,listopad,"120,90","45824,27"
S3 - 9: Downstream Transportation and Distribution,Wykonane dostawy z siedzib Answer do klientów,x,,,,Transport morski,Germany,Munich,,,"384,49","10,00",,#DZIEL/0!,km,grudzień,"123,10","47331,65"
S3 - 9: Downstream Transportation and Distribution,Wykonane dostawy z siedzib Answer do klientów,x,,,,Transport kolejowy,France,Paris,,,"389,94","10,00",,#DZIEL/0!,km,styczeń,"125,31","48863,09"
S3 - 9: Downstream Transportation and Distribution,Wykonane dostawy z siedzib Answer do klientów,x,,,,Transport drogowy,France,Paris,,,"395,39","10,00",,#DZIEL/0!,km,luty,"127,52","50418,58"
S3 - 9: Downstream Transportation and Distribution,Wykonane dostawy z siedzib Answer do klientów,x,,,,Transport morski,France,Paris,,,"400,85","10,00",,#DZIEL/0!,km,marzec,"129,72","51998,13"
S3 - 9: Downstream Transportation and Distribution,Wykonane dostawy z siedzib Answer do klientów,x,,,,Transport kolejowy,Czechy,Brno,,,"406,30","10,00",,#DZIEL/0!,km,kwiecień,"131,93","53601,74"
S3 - 9: Downstream Transportation and Distribution,Wykonane dostawy z siedzib Answer do klientów,x,,,,Transport drogowy,Czechy,Brno,,,"411,75","10,00",,#DZIEL/0!,km,maj,"134,13","55229,40"
S3 - 9: Downstream Transportation and Distribution,Wykonane dostawy z siedzib Answer do klientów,x,,,,Transport morski,Czechy,Brno,,,"417,20","10,00",,#DZIEL/0!,km,czerwiec,"136,34","56881,12"
S3 - 10: Processing of Sold Products,"Informacje o sprzedanych towarach w danym roku, z podziałem na kategorie",x,,,,Produkt1,Poland,Warsaw,,,"346,32",,,#DZIEL/0!,szt.,lipiec,"107,66","37285,17"
S3 - 10: Processing of Sold Products,"Informacje o sprzedanych towarach w danym roku, z podziałem na kategorie",x,,,,Produkt2,Poland,Warsaw,,,"351,77",,,#DZIEL/0!,szt.,sierpień,"109,87","38648,22"
S3 - 10: Processing of Sold Products,"Informacje o sprzedanych towarach w danym roku, z podziałem na kategorie",x,,,,Produkt3,Poland,Warsaw,,,"357,23",,,#DZIEL/0!,szt.,wrzesień,"98,84","35306,94"
S3 - 10: Processing of Sold Products,"Informacje o sprzedanych towarach w danym roku, z podziałem na kategorie",x,,,,Produkt1,Poland,Wrocław,,,"362,68",,,#DZIEL/0!,szt.,październik,"96,63","35045,74"
S3 - 10: Processing of Sold Products,"Informacje o sprzedanych towarach w danym roku, z podziałem na kategorie",x,,,,Produkt2,Poland,Wrocław,,,"368,13",,,#DZIEL/0!,szt.,listopad,"92,22","33948,37"
S3 - 10: Processing of Sold Products,"Informacje o sprzedanych towarach w danym roku, z podziałem na kategorie",x,,,,Produkt3,Poland,Wrocław,,,"373,58",,,#DZIEL/0!,szt.,grudzień,"87,81","32802,88"
S3 - 10: Processing of Sold Products,"Informacje o sprzedanych towarach w danym roku, z podziałem na kategorie",x,,,,Produkt1,Germany,Berlin,,,"379,04",,,#DZIEL/0!,szt.,styczeń,"83,39","31609,28"
S3 - 10: Processing of Sold Products,"Informacje o sprzedanych towarach w danym roku, z podziałem na kategorie",x,,,,Produkt2,Germany,Berlin,,,"384,49",,,#DZIEL/0!,szt.,luty,"78,98","30367,57"
S3 - 10: Processing of Sold Products,"Informacje o sprzedanych towarach w danym roku, z podziałem na kategorie",x,,,,Produkt3,Germany,Berlin,,,"389,94",,,#DZIEL/0!,szt.,marzec,"74,57","29077,74"
S3 - 10: Processing of Sold Products,"Informacje o sprzedanych towarach w danym roku, z podziałem na kategorie",x,,,,Produkt1,Germany,Munich,,,"395,39",,,#DZIEL/0!,szt.,kwiecień,"70,16","27739,80"
S3 - 10: Processing of Sold Products,"Informacje o sprzedanych towarach w danym roku, z podziałem na kategorie",x,,,,Produkt2,Germany,Munich,,,"400,85",,,#DZIEL/0!,szt.,maj,"65,75","26353,75"
S3 - 10: Processing of Sold Products,"Informacje o sprzedanych towarach w danym roku, z podziałem na kategorie",x,,,,Produkt3,Germany,Munich,,,"406,30",,,#DZIEL/0!,szt.,czerwiec,"61,33","24919,59"
S3 - 10: Processing of Sold Products,"Informacje o sprzedanych towarach w danym roku, z podziałem na kategorie",x,,,,Produkt1,France,Paris,,,"411,75",,,#DZIEL/0!,szt.,lipiec,"56,92","23437,31"
S3 - 10: Processing of Sold Products,"Informacje o sprzedanych towarach w danym roku, z podziałem na kategorie",x,,,,Produkt2,France,Paris,,,"417,20",,,#DZIEL/0!,szt.,sierpień,"52,51","21906,92"
S3 - 10: Processing of Sold Products,"Informacje o sprzedanych towarach w danym roku, z podziałem na kategorie",x,,,,Produkt3,France,Paris,,,"422,65",,,#DZIEL/0!,szt.,wrzesień,"48,10","20328,41"
S3 - 10: Processing of Sold Products,"Informacje o sprzedanych towarach w danym roku, z podziałem na kategorie",x,,,,Produkt1,Czechy,Brno,,,"428,11",,,#DZIEL/0!,szt.,październik,"43,68","18701,80"
S3 - 10: Processing of Sold Products,"Informacje o sprzedanych towarach w danym roku, z podziałem na kategorie",x,,,,Produkt2,Czechy,Brno,,,"433,56",,,#DZIEL/0!,szt.,listopad,"39,27","17027,06"
S3 - 10: Processing of Sold Products,"Informacje o sprzedanych towarach w danym roku, z podziałem na kategorie",x,,,,Produkt3,Czechy,Brno,,,"439,01",,,#DZIEL/0!,szt.,grudzień,"34,86","15304,22"
S3 - 11: Use of Sold Products,"Informacje o sprzedanych towarach w danym roku, z podziałem na kategorie",x,,,,Produkt1,Poland,Warsaw,,,"362,68",,,#DZIEL/0!,szt.,styczeń,"101,04","36645,92"
S3 - 11: Use of Sold Products,"Informacje o sprzedanych towarach w danym roku, z podziałem na kategorie",x,,,,Produkt2,Poland,Warsaw,,,"368,13",,,#DZIEL/0!,szt.,luty,"103,25","38008,96"
S3 - 11: Use of Sold Products,"Informacje o sprzedanych towarach w danym roku, z podziałem na kategorie",x,,,,Produkt3,Poland,Warsaw,,,"373,58",,,#DZIEL/0!,szt.,marzec,"105,45","39396,06"
S3 - 11: Use of Sold Products,"Informacje o sprzedanych towarach w danym roku, z podziałem na kategorie",x,,,,Produkt1,Poland,Wrocław,,,"379,04",,,#DZIEL/0!,szt.,kwiecień,"107,66","40807,21"
S3 - 11: Use of Sold Products,"Informacje o sprzedanych towarach w danym roku, z podziałem na kategorie",x,,,,Produkt2,Poland,Wrocław,,,"384,49",,,#DZIEL/0!,szt.,maj,"109,87","42242,43"
S3 - 11: Use of Sold Products,"Informacje o sprzedanych towarach w danym roku, z podziałem na kategorie",x,,,,Produkt3,Poland,Wrocław,,,"389,94",,,#DZIEL/0!,szt.,czerwiec,"112,07","43701,69"
S3 - 11: Use of Sold Products,"Informacje o sprzedanych towarach w danym roku, z podziałem na kategorie",x,,,,Produkt1,Germany,Berlin,,,"395,39",,,#DZIEL/0!,szt.,lipiec,"114,28","45185,02"
S3 - 11: Use of Sold Products,"Informacje o sprzedanych towarach w danym roku, z podziałem na kategorie",x,,,,Produkt2,Germany,Berlin,,,"400,85",,,#DZIEL/0!,szt.,sierpień,"116,48","46692,40"
S3 - 11: Use of Sold Products,"Informacje o sprzedanych towarach w danym roku, z podziałem na kategorie",x,,,,Produkt3,Germany,Berlin,,,"406,30",,,#DZIEL/0!,szt.,wrzesień,"118,69","48223,83"
S3 - 11: Use of Sold Products,"Informacje o sprzedanych towarach w danym roku, z podziałem na kategorie",x,,,,Produkt1,Germany,Munich,,,"411,75",,,#DZIEL/0!,szt.,październik,"120,90","49779,33"
S3 - 11: Use of Sold Products,"Informacje o sprzedanych towarach w danym roku, z podziałem na kategorie",x,,,,Produkt2,Germany,Munich,,,"417,20",,,#DZIEL/0!,szt.,listopad,"123,10","51358,88"
S3 - 11: Use of Sold Products,"Informacje o sprzedanych towarach w danym roku, z podziałem na kategorie",x,,,,Produkt3,Germany,Munich,,,"422,65",,,#DZIEL/0!,szt.,grudzień,"125,31","52962,48"
S3 - 11: Use of Sold Products,"Informacje o sprzedanych towarach w danym roku, z podziałem na kategorie",x,,,,Produkt1,France,Paris,,,"428,11",,,#DZIEL/0!,szt.,styczeń,"127,52","54590,15"
S3 - 11: Use of Sold Products,"Informacje o sprzedanych towarach w danym roku, z podziałem na kategorie",x,,,,Produkt2,France,Paris,,,"433,56",,,#DZIEL/0!,szt.,luty,"129,72","56241,87"
S3 - 11: Use of Sold Products,"Informacje o sprzedanych towarach w danym roku, z podziałem na kategorie",x,,,,Produkt3,France,Paris,,,"439,01",,,#DZIEL/0!,szt.,marzec,"131,93","57917,64"
S3 - 11: Use of Sold Products,"Informacje o sprzedanych towarach w danym roku, z podziałem na kategorie",x,,,,Produkt1,Czechy,Brno,,,"444,46",,,#DZIEL/0!,szt.,kwiecień,"134,13","59617,48"
S3 - 11: Use of Sold Products,"Informacje o sprzedanych towarach w danym roku, z podziałem na kategorie",x,,,,Produkt2,Czechy,Brno,,,"449,92",,,#DZIEL/0!,szt.,maj,"136,34","61341,37"
S3 - 11: Use of Sold Products,"Informacje o sprzedanych towarach w danym roku, z podziałem na kategorie",x,,,,Produkt3,Czechy,Brno,,,"455,37",,,#DZIEL/0!,szt.,czerwiec,"138,55","63089,31"
S3 - 12: End-of-Life Treatment of Sold Products,"Informacje o sprzedanych towarach w danym roku, z podziałem na kategorie",x,,,,Produkt1,Poland,Warsaw,,,"379,04",,,#DZIEL/0!,szt.,lipiec,"107,66","40807,21"
S3 - 12: End-of-Life Treatment of Sold Products,"Informacje o sprzedanych towarach w danym roku, z podziałem na kategorie",x,,,,Produkt2,Poland,Warsaw,,,"384,49",,,#DZIEL/0!,szt.,sierpień,"109,87","42242,43"
S3 - 12: End-of-Life Treatment of Sold Products,"Informacje o sprzedanych towarach w danym roku, z podziałem na kategorie",x,,,,Produkt3,Poland,Warsaw,,,"389,94",,,#DZIEL/0!,szt.,wrzesień,"98,84","38540,30"
S3 - 12: End-of-Life Treatment of Sold Products,"Informacje o sprzedanych towarach w danym roku, z podziałem na kategorie",x,,,,Produkt1,Poland,Wrocław,,,"395,39",,,#DZIEL/0!,szt.,październik,"96,63","38206,93"
S3 - 12: End-of-Life Treatment of Sold Products,"Informacje o sprzedanych towarach w danym roku, z podziałem na kategorie",x,,,,Produkt2,Poland,Wrocław,,,"400,85",,,#DZIEL/0!,szt.,listopad,"92,22","36965,22"
S3 - 12: End-of-Life Treatment of Sold Products,"Informacje o sprzedanych towarach w danym roku, z podziałem na kategorie",x,,,,Produkt3,Poland,Wrocław,,,"406,30",,,#DZIEL/0!,szt.,grudzień,"87,81","35675,39"
S3 - 12: End-of-Life Treatment of Sold Products,"Informacje o sprzedanych towarach w danym roku, z podziałem na kategorie",x,,,,Produkt1,Germany,Berlin,,,"411,75",,,#DZIEL/0!,szt.,styczeń,"83,39","34337,45"
S3 - 12: End-of-Life Treatment of Sold Products,"Informacje o sprzedanych towarach w danym roku, z podziałem na kategorie",x,,,,Produkt2,Germany,Berlin,,,"417,20",,,#DZIEL/0!,szt.,luty,"78,98","32951,40"
S3 - 12: End-of-Life Treatment of Sold Products,"Informacje o sprzedanych towarach w danym roku, z podziałem na kategorie",x,,,,Produkt3,Germany,Berlin,,,"422,65",,,#DZIEL/0!,szt.,marzec,"74,57","31517,24"
S3 - 12: End-of-Life Treatment of Sold Products,"Informacje o sprzedanych towarach w danym roku, z podziałem na kategorie",x,,,,Produkt1,Germany,Munich,,,"428,11",,,#DZIEL/0!,szt.,kwiecień,"70,16","30034,96"
S3 - 12: End-of-Life Treatment of Sold Products,"Informacje o sprzedanych towarach w danym roku, z podziałem na kategorie",x,,,,Produkt2,Germany,Munich,,,"433,56",,,#DZIEL/0!,szt.,maj,"65,75","28504,57"
S3 - 12: End-of-Life Treatment of Sold Products,"Informacje o sprzedanych towarach w danym roku, z podziałem na kategorie",x,,,,Produkt3,Germany,Munich,,,"439,01",,,#DZIEL/0!,szt.,czerwiec,"61,33","26926,06"
S3 - 12: End-of-Life Treatment of Sold Products,"Informacje o sprzedanych towarach w danym roku, z podziałem na kategorie",x,,,,Produkt1,France,Paris,,,"444,46",,,#DZIEL/0!,szt.,lipiec,"56,92","25299,45"
S3 - 12: End-of-Life Treatment of Sold Products,"Informacje o sprzedanych towarach w danym roku, z podziałem na kategorie",x,,,,Produkt2,France,Paris,,,"449,92",,,#DZIEL/0!,szt.,sierpień,"52,51","23624,72"
S3 - 12: End-of-Life Treatment of Sold Products,"Informacje o sprzedanych towarach w danym roku, z podziałem na kategorie",x,,,,Produkt3,France,Paris,,,"455,37",,,#DZIEL/0!,szt.,wrzesień,"48,10","21901,87"
S3 - 12: End-of-Life Treatment of Sold Products,"Informacje o sprzedanych towarach w danym roku, z podziałem na kategorie",x,,,,Produkt1,Czechy,Brno,,,"460,82",,,#DZIEL/0!,szt.,październik,"43,68","20130,91"
S3 - 12: End-of-Life Treatment of Sold Products,"Informacje o sprzedanych towarach w danym roku, z podziałem na kategorie",x,,,,Produkt2,Czechy,Brno,,,"466,27",,,#DZIEL/0!,szt.,listopad,"39,27","18311,84"
S3 - 12: End-of-Life Treatment of Sold Products,"Informacje o sprzedanych towarach w danym roku, z podziałem na kategorie",x,,,,Produkt3,Czechy,Brno,,,"471,73",,,#DZIEL/0!,szt.,grudzień,"34,86","16444,66"
S3 - 13: Downstream Leased Assets,Informacje nt. leasingowanych towarów (leasingodawca),x,,,,Maszyna1,Poland,Warsaw,,,"395,39",,,#DZIEL/0!,,styczeń,"101,04","39951,45"
S3 - 13: Downstream Leased Assets,Informacje nt. leasingowanych towarów (leasingodawca),x,,,,Obiekt1,Poland,Warsaw,,,"400,85",,,#DZIEL/0!,,luty,"103,25","41386,66"
S3 - 13: Downstream Leased Assets,Informacje nt. leasingowanych towarów (leasingodawca),x,,,,Pojazd1,Poland,Warsaw,,,"406,30",,,#DZIEL/0!,,marzec,"105,45","42845,93"
S3 - 13: Downstream Leased Assets,Informacje nt. leasingowanych towarów (leasingodawca),x,,,,Maszyna1,Poland,Wrocław,,,"411,75",,,#DZIEL/0!,,kwiecień,"107,66","44329,25"
S3 - 13: Downstream Leased Assets,Informacje nt. leasingowanych towarów (leasingodawca),x,,,,Obiekt1,Poland,Wrocław,,,"417,20",,,#DZIEL/0!,,maj,"109,87","45836,63"
S3 - 13: Downstream Leased Assets,Informacje nt. leasingowanych towarów (leasingodawca),x,,,,Pojazd1,Poland,Wrocław,,,"422,65",,,#DZIEL/0!,,czerwiec,"112,07","47368,07"
S3 - 13: Downstream Leased Assets,Informacje nt. leasingowanych towarów (leasingodawca),x,,,,Maszyna1,Germany,Berlin,,,"428,11",,,#DZIEL/0!,,lipiec,"114,28","48923,57"
S3 - 13: Downstream Leased Assets,Informacje nt. leasingowanych towarów (leasingodawca),x,,,,Obiekt1,Germany,Berlin,,,"433,56",,,#DZIEL/0!,,sierpień,"116,48","50503,12"
S3 - 13: Downstream Leased Assets,Informacje nt. leasingowanych towarów (leasingodawca),x,,,,Pojazd1,Germany,Berlin,,,"439,01",,,#DZIEL/0!,,wrzesień,"118,69","52106,72"
S3 - 13: Downstream Leased Assets,Informacje nt. leasingowanych towarów (leasingodawca),x,,,,Maszyna1,Germany,Munich,,,"444,46",,,#DZIEL/0!,,październik,"120,90","53734,39"
S3 - 13: Downstream Leased Assets,Informacje nt. leasingowanych towarów (leasingodawca),x,,,,Obiekt1,Germany,Munich,,,"449,92",,,#DZIEL/0!,,listopad,"123,10","55386,11"
S3 - 13: Downstream Leased Assets,Informacje nt. leasingowanych towarów (leasingodawca),x,,,,Pojazd1,Germany,Munich,,,"455,37",,,#DZIEL/0!,,grudzień,"125,31","57061,88"
S3 - 13: Downstream Leased Assets,Informacje nt. leasingowanych towarów (leasingodawca),x,,,,Maszyna1,France,Paris,,,"460,82",,,#DZIEL/0!,,styczeń,"127,52","58761,71"
S3 - 13: Downstream Leased Assets,Informacje nt. leasingowanych towarów (leasingodawca),x,,,,Obiekt1,France,Paris,,,"466,27",,,#DZIEL/0!,,luty,"129,72","60485,60"
S3 - 13: Downstream Leased Assets,Informacje nt. leasingowanych towarów (leasingodawca),x,,,,Pojazd1,France,Paris,,,"471,73",,,#DZIEL/0!,,marzec,"131,93","62233,55"
S3 - 13: Downstream Leased Assets,Informacje nt. leasingowanych towarów (leasingodawca),x,,,,Maszyna1,Czechy,Brno,,,"477,18",,,#DZIEL/0!,,kwiecień,"134,13","64005,55"
S3 - 13: Downstream Leased Assets,Informacje nt. leasingowanych towarów (leasingodawca),x,,,,Obiekt1,Czechy,Brno,,,"482,63",,,#DZIEL/0!,,maj,"136,34","65801,61"
S3 - 13: Downstream Leased Assets,Informacje nt. leasingowanych towarów (leasingodawca),x,,,,Pojazd1,Czechy,Brno,,,"488,08",,,#DZIEL/0!,,czerwiec,"138,55","67621,73"
S3 - 14: Franchises,Informacje nt. udzielanych franczyz,x,,,,Franczyza1,Poland,Warsaw,,,"422,65",,,#DZIEL/0!,,lipiec,"98,84","41773,66"
S3 - 14: Franchises,Informacje nt. udzielanych franczyz,x,,,,Franczyza2,Poland,Warsaw,,,"428,11",,,#DZIEL/0!,,sierpień,"101,04","43256,98"
S3 - 14: Franchises,Informacje nt. udzielanych franczyz,x,,,,Franczyza3,Poland,Warsaw,,,"433,56",,,#DZIEL/0!,,wrzesień,"103,25","44764,36"
S3 - 14: Franchises,Informacje nt. udzielanych franczyz,x,,,,Franczyza1,Poland,Wrocław,,,"439,01",,,#DZIEL/0!,,październik,"105,45","46295,80"
S3 - 14: Franchises,Informacje nt. udzielanych franczyz,x,,,,Franczyza2,Poland,Wrocław,,,"444,46",,,#DZIEL/0!,,listopad,"107,66","47851,29"
S3 - 14: Franchises,Informacje nt. udzielanych franczyz,x,,,,Franczyza3,Poland,Wrocław,,,"449,92",,,#DZIEL/0!,,grudzień,"109,87","49430,84"
S3 - 14: Franchises,Informacje nt. udzielanych franczyz,x,,,,Franczyza1,Germany,Berlin,,,"455,37",,,#DZIEL/0!,,styczeń,"112,07","51034,45"
S3 - 14: Franchises,Informacje nt. udzielanych franczyz,x,,,,Franczyza2,Germany,Berlin,,,"460,82",,,#DZIEL/0!,,luty,"114,28","52662,11"
S3 - 14: Franchises,Informacje nt. udzielanych franczyz,x,,,,Franczyza3,Germany,Berlin,,,"466,27",,,#DZIEL/0!,,marzec,"116,48","54313,83"
S3 - 14: Franchises,Informacje nt. udzielanych franczyz,x,,,,Franczyza1,Germany,Munich,,,"471,73",,,#DZIEL/0!,,kwiecień,"118,69","55989,61"
S3 - 14: Franchises,Informacje nt. udzielanych franczyz,x,,,,Franczyza2,Germany,Munich,,,"477,18",,,#DZIEL/0!,,maj,"120,90","57689,44"
S3 - 14: Franchises,Informacje nt. udzielanych franczyz,x,,,,Franczyza3,Germany,Munich,,,"482,63",,,#DZIEL/0!,,czerwiec,"123,10","59413,33"
S3 - 14: Franchises,Informacje nt. udzielanych franczyz,x,,,,Franczyza1,France,Paris,,,"488,08",,,#DZIEL/0!,,lipiec,"125,31","61161,28"
S3 - 14: Franchises,Informacje nt. udzielanych franczyz,x,,,,Franczyza2,France,Paris,,,"493,54",,,#DZIEL/0!,,sierpień,"127,52","62933,28"
S3 - 14: Franchises,Informacje nt. udzielanych franczyz,x,,,,Franczyza3,France,Paris,,,"498,99",,,#DZIEL/0!,,wrzesień,"129,72","64729,34"
S3 - 14: Franchises,Informacje nt. udzielanych franczyz,x,,,,Franczyza1,Czechy,Brno,,,"504,44",,,#DZIEL/0!,,październik,"131,93","66549,46"
S3 - 14: Franchises,Informacje nt. udzielanych franczyz,x,,,,Franczyza2,Czechy,Brno,,,"509,89",,,#DZIEL/0!,,listopad,"134,13","68393,63"
S3 - 14: Franchises,Informacje nt. udzielanych franczyz,x,,,,Franczyza3,Czechy,Brno,,,"515,35",,"10,00","7026,19",,grudzień,"136,34","70261,86"
S3 - 5: Investments,Informacje nt. inwestycji,x,,,,Inwestycja1,Poland,Warsaw,,,"439,01",,"10,00","4629,58",,styczeń,"105,45","46295,80"
S3 - 5: Investments,Informacje nt. inwestycji,x,,,,Inwestycja2,Poland,Warsaw,,,"444,46",,"10,00","4785,13",,luty,"107,66","47851,29"
S3 - 5: Investments,Informacje nt. inwestycji,x,,,,Inwestycja3,Poland,Warsaw,,,"449,92",,"10,00","4943,08",,marzec,"109,87","49430,84"
S3 - 5: Investments,Informacje nt. inwestycji,x,,,,Inwestycja1,Poland,Wrocław,,,"439,01",,"10,00","4629,58",,kwiecień,"105,45","46295,80"
S3 - 5: Investments,Informacje nt. inwestycji,x,,,,Inwestycja2,Poland,Wrocław,,,"444,46",,"10,00","4785,13",,maj,"107,66","47851,29"
S3 - 5: Investments,Informacje nt. inwestycji,x,,,,Inwestycja3,Poland,Wrocław,,,"449,92",,"10,00","4943,08",,czerwiec,"109,87","49430,84"
S3 - 5: Investments,Informacje nt. inwestycji,x,,,,Inwestycja1,Germany,Berlin,,,"439,01",,"10,00","4629,58",,lipiec,"105,45","46295,80"
S3 - 5: Investments,Informacje nt. inwestycji,x,,,,Inwestycja2,Germany,Berlin,,,"444,46",,"10,00","4785,13",,sierpień,"107,66","47851,29"
S3 - 5: Investments,Informacje nt. inwestycji,x,,,,Inwestycja3,Germany,Berlin,,,"449,92",,"10,00","4943,08",,wrzesień,"109,87","49430,84"
S3 - 5: Investments,Informacje nt. inwestycji,x,,,,Inwestycja1,Germany,Munich,,,"439,01",,"10,00","4629,58",,październik,"105,45","46295,80"
S3 - 5: Investments,Informacje nt. inwestycji,x,,,,Inwestycja2,Germany,Munich,,,"444,46",,"10,00","4785,13",,listopad,"107,66","47851,29"
S3 - 5: Investments,Informacje nt. inwestycji,x,,,,Inwestycja3,Germany,Munich,,,"449,92",,"10,00","4943,08",,grudzień,"109,87","49430,84"
S3 - 5: Investments,Informacje nt. inwestycji,x,,,,Inwestycja1,France,Paris,,,"439,01",,"10,00","4629,58",,styczeń,"105,45","46295,80"
S3 - 5: Investments,Informacje nt. inwestycji,x,,,,Inwestycja2,France,Paris,,,"444,46",,"10,00","4785,13",,luty,"107,66","47851,29"
S3 - 5: Investments,Informacje nt. inwestycji,x,,,,Inwestycja3,France,Paris,,,"449,92",,"10,00","4943,08",,marzec,"109,87","49430,84"
S3 - 5: Investments,Informacje nt. inwestycji,x,,,,Inwestycja1,Czechy,Brno,,,"439,01",,"10,00","4629,58",,kwiecień,"105,45","46295,80"
S3 - 5: Investments,Informacje nt. inwestycji,x,,,,Inwestycja2,Czechy,Brno,,,"444,46",,"10,00","4785,13",,maj,"107,66","47851,29"
S3 - 5: Investments,Informacje nt. inwestycji,x,,,,Inwestycja3,Czechy,Brno,,,"449,92",,"10,00","4943,08",,czerwiec,"109,87","49430,84"